{"avg_score_rate":{"params":{"age_young":0.3536085394,"age_mid":0.3018589529,"age_senior":0.252309827,"is_us":-0.0328794787,"pro_strength":0.22923607,"base_popularity":0.6755477164,"indgrp_Athletic":0.2470133045,"indgrp_Performance":0.2762799999,"indgrp_Media":0.2222970924,"indgrp_Other":0.1621869225},"train_rmse":0.0822686206,"test_rmse":0.1040513327,"test_seasons":[29,30,31,32,33,34],"split":"chronological_last20pct","model_type":"ols_forced","baseline_train_rmse":0.131361251,"baseline_test_rmse":0.1396636681,"train_mae":0.064598744,"test_mae":0.0859207688,"r2_train":0.6077762573,"r2_test":0.4391101788},"avg_voting_rate":{"params":{"age_young":0.0014252955,"age_mid":-0.0002933872,"age_senior":-0.0011319082,"is_us":-0.000841279,"pro_strength":0.007753745,"base_popularity":0.9638754011,"indgrp_Athletic":0.0005350432,"indgrp_Performance":0.001544377,"indgrp_Media":0.0004938286,"indgrp_Other":-0.0025732488,"Group Var":0.0},"train_rmse":0.0099605106,"test_rmse":0.0071237322,"test_seasons":[29,30,31,32,33,34],"split":"chronological_last20pct","model_type":"mixedlm","baseline_train_rmse":0.0902396251,"baseline_test_rmse":0.0674757653,"train_mae":0.0088335715,"test_mae":0.0065873818,"r2_train":0.9878165962,"r2_test":0.9880903567},"placement_encoded":{"params":{"age_young":0.0333698415,"age_mid":-0.0064871275,"age_senior":-0.0268827141,"is_us":-0.0215380211,"pro_strength":0.2666834643,"base_popularity":2.574045628,"indgrp_Athletic":0.0083536121,"indgrp_Performance":0.0286485292,"indgrp_Media":0.0266745591,"indgrp_Other":-0.0636767004,"Group Var":0.0},"train_rmse":0.19355689,"test_rmse":0.236060179,"test_seasons":[29,30,31,32,33,34],"split":"chronological_last20pct","model_type":"mixedlm","baseline_train_rmse":0.2877117632,"baseline_test_rmse":0.2846846526,"train_mae":0.165218554,"test_mae":0.197460072,"r2_train":0.5474130432,"r2_test":0.3122301838},"avg_score_rate_evenodd":{"params":{"age_young":0.3529754333,"age_mid":0.2958301911,"age_senior":0.2337530216,"is_us":-0.0147031142,"pro_strength":0.2181393309,"base_popularity":0.806949748,"indgrp_Athletic":0.2197912608,"indgrp_Performance":0.2484439389,"indgrp_Media":0.2388501693,"indgrp_Other":0.175473277},"train_rmse":0.0847376917,"test_rmse":0.0889865686,"test_seasons":[1,3,5,7,9,11,13,15,17,19,21,23,25,27,29,31,33],"split":"even_train_vs_odd_test","model_type":"ols_forced","baseline_train_rmse":0.1358704394,"baseline_test_rmse":0.1305334765,"train_mae":0.0674085302,"test_mae":0.0710271218,"r2_train":0.6110414709,"r2_test":0.5332661189},"avg_voting_rate_evenodd":{"params":{"age_young":0.0020293375,"age_mid":-0.0003085773,"age_senior":-0.0017207602,"is_us":-0.000196955,"pro_strength":0.0077435048,"base_popularity":0.9654103865,"indgrp_Athletic":0.0001271465,"indgrp_Performance":0.0009926604,"indgrp_Media":0.0014140451,"indgrp_Other":-0.002533852,"Group Var":0.0},"train_rmse":0.0091653183,"test_rmse":0.0087960637,"test_seasons":[1,3,5,7,9,11,13,15,17,19,21,23,25,27,29,31,33],"split":"even_train_vs_odd_test","model_type":"mixedlm","baseline_train_rmse":0.0859767389,"baseline_test_rmse":0.086006842,"train_mae":0.0083372609,"test_mae":0.0074174259,"r2_train":0.9886359491,"r2_test":0.9894992576},"placement_encoded_evenodd":{"params":{"age_young":0.05364739,"age_mid":-0.0075121626,"age_senior":-0.0461352275,"is_us":0.022063006,"pro_strength":0.3101117767,"base_popularity":2.6444913506,"indgrp_Athletic":-0.0385686737,"indgrp_Performance":-0.0054910616,"indgrp_Media":0.0355316293,"indgrp_Other":0.008528106,"Group Var":0.0},"train_rmse":0.1573663438,"test_rmse":0.1769319565,"test_seasons":[1,3,5,7,9,11,13,15,17,19,21,23,25,27,29,31,33],"split":"even_train_vs_odd_test","model_type":"mixedlm","baseline_train_rmse":0.2871768705,"baseline_test_rmse":0.2870045655,"train_mae":0.1316117376,"test_mae":0.1417052736,"r2_train":0.6997211165,"r2_test":0.619940971}}